Cod_IBGE;Grande região;Município;Mun_Total de casos;Mun_Total de óbitos;;;
3500105;Interior;Adamantina;10625;184;;;
3500204;Interior;Adolfo;972;28;;;
3500303;Interior;Aguaí;6870;136;;;
3500402;Interior;Águas da Prata;1910;38;;;
3500501;Interior;Águas de Lindóia;5199;63;;;
3500550;Interior;Águas de Santa Bárbara;620;25;;;
3500600;Interior;Águas de São Pedro;475;16;;;
3500709;Interior;Agudos;7573;122;;;
3500758;Interior;Alambari;1481;13;;;
3500808;Interior;Alfredo Marcondes;310;21;;;
3500907;Interior;Altair;321;18;;;
3501004;Interior;Altinópolis;1239;67;;;
3501103;Interior;Alto Alegre;418;25;;;
3501152;Interior;Alumínio;1743;56;;;
3501202;Interior;Álvares Florence;648;18;;;
3501301;Interior;Álvares Machado;4167;88;;;
3501400;Interior;Álvaro de Carvalho;342;9;;;
3501509;Interior;Alvinlândia;155;10;;;
3501608;Interior;Americana;28191;990;;;
3501707;Interior;Américo Brasiliense;6905;108;;;
3501806;Interior;Américo de Campos;1291;37;;;
3501905;Interior;Amparo;10624;261;;;
3502002;Interior;Analândia;595;6;;;
3502101;Interior;Andradina;14283;316;;;
3502200;Interior;Angatuba;5161;93;;;
3502309;Interior;Anhembi;451;15;;;
3502408;Interior;Anhumas;409;10;;;
3502507;Interior;Aparecida;2981;128;;;
3502606;Interior;Aparecida d'Oeste;1650;27;;;
3502705;Interior;Apiaí;1801;108;;;
3502754;Interior;Araçariguama;2933;77;;;
3502804;Interior;Araçatuba;46487;1002;;;
3502903;Interior;Araçoiaba da Serra;3297;103;;;
3503000;Interior;Aramina;394;20;;;
3503109;Interior;Arandu;666;22;;;
3503158;Interior;Arapeí;276;7;;;
3503208;Interior;Araraquara;62020;649;;;
3503307;Interior;Araras;20311;458;;;
3503356;Interior;Arco-Íris;591;10;;;
3503406;Interior;Arealva;2056;30;;;
3503505;Interior;Areias;365;6;;;
3503604;Interior;Areiópolis;2207;33;;;
3503703;Interior;Ariranha;1038;37;;;
3503802;Interior;Artur Nogueira;9091;169;;;
3503901;RMSP (exceto capital);Arujá;12381;361;;;
3503950;Interior;Aspásia;583;9;;;
3504008;Interior;Assis;23639;469;;;
3504107;Interior;Atibaia;13258;476;;;
3504206;Interior;Auriflama;2268;87;;;
3504305;Interior;Avaí;830;14;;;
3504404;Interior;Avanhandava;1827;48;;;
3504503;Interior;Avaré;15585;322;;;
3504602;Interior;Bady Bassitt;4518;101;;;
3504701;Interior;Balbinos;726;4;;;
3504800;Interior;Bálsamo;2927;77;;;
3504909;Interior;Bananal;1165;10;;;
3505005;Interior;Barão de Antonina;970;11;;;
3505104;Interior;Barbosa;935;25;;;
3505203;Interior;Bariri;6858;151;;;
3505302;Interior;Barra Bonita;5624;129;;;
3505351;Interior;Barra do Chapéu;466;15;;;
3505401;Interior;Barra do Turvo;894;27;;;
3505500;Interior;Barretos;29573;640;;;
3505609;Interior;Barrinha;1759;92;;;
3505708;RMSP (exceto capital);Barueri;46723;1259;;;
3505807;Interior;Bastos;3817;97;;;
3505906;Interior;Batatais;6869;211;;;
3506003;Interior;Bauru;82095;1461;;;
3506102;Interior;Bebedouro;5987;347;;;
3506201;Interior;Bento de Abreu;665;6;;;
3506300;Interior;Bernardino de Campos;2056;41;;;
3506359;Interior;Bertioga;10657;200;;;
3506409;Interior;Bilac;969;25;;;
3506508;Interior;Birigui;30087;648;;;
3506607;RMSP (exceto capital);Biritiba Mirim;1588;120;;;
3506706;Interior;Boa Esperança do Sul;2701;27;;;
3506805;Interior;Bocaina;2468;39;;;
3506904;Interior;Bofete;2265;29;;;
3507001;Interior;Boituva;7040;213;;;
3507100;Interior;Bom Jesus dos Perdões;2542;50;;;
3507159;Interior;Bom Sucesso de Itararé;642;7;;;
3507209;Interior;Borá;203;1;;;
3507308;Interior;Boracéia;1058;26;;;
3507407;Interior;Borborema;4204;59;;;
3507456;Interior;Borebi;305;4;;;
3507506;Interior;Botucatu;49915;390;;;
3507605;Interior;Bragança Paulista;43745;643;;;
3507704;Interior;Braúna;636;26;;;
3507753;Interior;Brejo Alegre;838;14;;;
3507803;Interior;Brodowski;4509;87;;;
3507902;Interior;Brotas;7294;76;;;
3508009;Interior;Buri;4147;106;;;
3508108;Interior;Buritama;5648;91;;;
3508207;Interior;Buritizal;361;10;;;
3508306;Interior;Cabrália Paulista;1063;9;;;
3508405;Interior;Cabreúva;7609;155;;;
3508504;Interior;Caçapava;14816;328;;;
3508603;Interior;Cachoeira Paulista;5337;71;;;
3508702;Interior;Caconde;3336;46;;;
3508801;Interior;Cafelândia;885;61;;;
3508900;Interior;Caiabu;330;8;;;
3509007;RMSP (exceto capital);Caieiras;12962;357;;;
3509106;Interior;Caiuá;515;12;;;
3509205;RMSP (exceto capital);Cajamar;5655;267;;;
3509254;Interior;Cajati;6508;114;;;
3509304;Interior;Cajobi;2317;38;;;
3509403;Interior;Cajuru;2092;78;;;
3509452;Interior;Campina do Monte Alegre;631;28;;;
3509502;Interior;Campinas;201597;5311;;;
3509601;Interior;Campo Limpo Paulista;9604;315;;;
3509700;Interior;Campos do Jordão;12325;161;;;
3509809;Interior;Campos Novos Paulista;321;13;;;
3509908;Interior;Cananéia;2226;39;;;
3509957;Interior;Canas;236;9;;;
3510005;Interior;Cândido Mota;7636;187;;;
3510104;Interior;Cândido Rodrigues;151;8;;;
3510153;Interior;Canitar;1590;28;;;
3510203;Interior;Capão Bonito;9933;183;;;
3510302;Interior;Capela do Alto;1715;48;;;
3510401;Interior;Capivari;5946;174;;;
3510500;Interior;Caraguatatuba;33720;535;;;
3510609;RMSP (exceto capital);Carapicuíba;39057;1276;;;
3510708;Interior;Cardoso;3282;71;;;
3510807;Interior;Casa Branca;5944;131;;;
3510906;Interior;Cássia dos Coqueiros;258;4;;;
3511003;Interior;Castilho;4288;100;;;
3511102;Interior;Catanduva;35732;720;;;
3511201;Interior;Catiguá;921;40;;;
3511300;Interior;Cedral;3351;39;;;
3511409;Interior;Cerqueira César;4190;59;;;
3511508;Interior;Cerquilho;14002;173;;;
3511607;Interior;Cesário Lange;4434;80;;;
3511706;Interior;Charqueada;3964;52;;;
3511904;Interior;Clementina;979;24;;;
3512001;Interior;Colina;2604;73;;;
3512100;Interior;Colômbia;1215;19;;;
3512209;Interior;Conchal;4870;95;;;
3512308;Interior;Conchas;3954;84;;;
3512407;Interior;Cordeirópolis;6026;116;;;
3512506;Interior;Coroados;1587;24;;;
3512605;Interior;Coronel Macedo;683;30;;;
3512704;Interior;Corumbataí;976;8;;;
3512803;Interior;Cosmópolis;8022;194;;;
3512902;Interior;Cosmorama;2008;44;;;
3513009;RMSP (exceto capital);Cotia;26740;797;;;
3513108;Interior;Cravinhos;2255;116;;;
3513207;Interior;Cristais Paulista;1305;18;;;
3513306;Interior;Cruzália;223;6;;;
3513405;Interior;Cruzeiro;7169;244;;;
3513504;Interior;Cubatão;17486;545;;;
3513603;Interior;Cunha;1169;43;;;
3513702;Interior;Descalvado;8641;103;;;
3513801;RMSP (exceto capital);Diadema;31182;1544;;;
3513850;Interior;Dirce Reis;328;6;;;
3513900;Interior;Divinolândia;2281;49;;;
3514007;Interior;Dobrada;626;13;;;
3514106;Interior;Dois Córregos;2077;46;;;
3514205;Interior;Dolcinópolis;414;9;;;
3514304;Interior;Dourado;2560;26;;;
3514403;Interior;Dracena;11453;300;;;
3514502;Interior;Duartina;2073;34;;;
3514601;Interior;Dumont;2544;28;;;
3514700;Interior;Echaporã;817;29;;;
3514809;Interior;Eldorado;3247;33;;;
3514908;Interior;Elias Fausto;2533;41;;;
3514924;Interior;Elisiário;634;13;;;
3514957;Interior;Embaúba;130;11;;;
3515004;RMSP (exceto capital);Embu das Artes;11161;731;;;
3515103;RMSP (exceto capital);Embu-Guaçu;5901;236;;;
3515129;Interior;Emilianópolis;881;10;;;
3515152;Interior;Engenheiro Coelho;4242;66;;;
3515186;Interior;Espírito Santo do Pinhal;13054;136;;;
3515194;Interior;Espírito Santo do Turvo;824;11;;;
3515202;Interior;Estrela d'Oeste;3137;39;;;
3515301;Interior;Estrela do Norte;657;8;;;
3515350;Interior;Euclides da Cunha Paulista;535;18;;;
3515400;Interior;Fartura;4457;66;;;
3515509;Interior;Fernandópolis;19166;406;;;
3515608;Interior;Fernando Prestes;1436;14;;;
3515657;Interior;Fernão;693;6;;;
3515707;RMSP (exceto capital);Ferraz de Vasconcelos;10670;526;;;
3515806;Interior;Flora Rica;148;10;;;
3515905;Interior;Floreal;888;9;;;
3516002;Interior;Flórida Paulista;3229;41;;;
3516101;Interior;Florínea;443;17;;;
3516200;Interior;Franca;38974;1092;;;
3516309;RMSP (exceto capital);Francisco Morato;15731;473;;;
3516408;RMSP (exceto capital);Franco da Rocha;18534;432;;;
3516507;Interior;Gabriel Monteiro;1147;8;;;
3516606;Interior;Gália;1009;21;;;
3516705;Interior;Garça;8995;165;;;
3516804;Interior;Gastão Vidigal;543;18;;;
3516853;Interior;Gavião Peixoto;1937;23;;;
3516903;Interior;General Salgado;1579;51;;;
3517000;Interior;Getulina;1060;36;;;
3517109;Interior;Glicério;1232;22;;;
3517208;Interior;Guaiçara;1696;30;;;
3517307;Interior;Guaimbê;954;9;;;
3517406;Interior;Guaíra;9143;241;;;
3517505;Interior;Guapiaçu;2397;98;;;
3517604;Interior;Guapiara;2894;97;;;
3517703;Interior;Guará;3801;116;;;
3517802;Interior;Guaraçaí;1607;30;;;
3517901;Interior;Guaraci;2395;31;;;
3518008;Interior;Guarani d'Oeste;872;8;;;
3518107;Interior;Guarantã;315;25;;;
3518206;Interior;Guararapes;9257;133;;;
3518305;RMSP (exceto capital);Guararema;2571;111;;;
3518404;Interior;Guaratinguetá;17197;383;;;
3518503;Interior;Guareí;4305;39;;;
3518602;Interior;Guariba;5063;130;;;
3518701;Interior;Guarujá;28257;1487;;;
3518800;RMSP (exceto capital);Guarulhos;84711;5530;;;
3518859;Interior;Guatapará;1140;28;;;
3518909;Interior;Guzolândia;865;34;;;
3519006;Interior;Herculândia;1255;33;;;
3519055;Interior;Holambra;3813;20;;;
3519071;Interior;Hortolândia;37211;884;;;
3519105;Interior;Iacanga;1892;34;;;
3519204;Interior;Iacri;1686;24;;;
3519253;Interior;Iaras;300;24;;;
3519303;Interior;Ibaté;5952;112;;;
3519402;Interior;Ibirá;2254;49;;;
3519501;Interior;Ibirarema;1224;37;;;
3519600;Interior;Ibitinga;15768;310;;;
3519709;Interior;Ibiúna;5340;164;;;
3519808;Interior;Icém;1919;40;;;
3519907;Interior;Iepê;1840;34;;;
3520004;Interior;Igaraçu do Tietê;4290;75;;;
3520103;Interior;Igarapava;1413;108;;;
3520202;Interior;Igaratá;2469;41;;;
3520301;Interior;Iguape;5219;124;;;
3520400;Interior;Ilhabela;7492;52;;;
3520426;Interior;Ilha Comprida;3550;65;;;
3520442;Interior;Ilha Solteira;4438;119;;;
3520509;Interior;Indaiatuba;28757;858;;;
3520608;Interior;Indiana;381;13;;;
3520707;Interior;Indiaporã;1257;14;;;
3520806;Interior;Inúbia Paulista;1255;21;;;
3520905;Interior;Ipaussu;4221;57;;;
3521002;Interior;Iperó;5683;76;;;
3521101;Interior;Ipeúna;785;24;;;
3521150;Interior;Ipiguá;1894;33;;;
3521200;Interior;Iporanga;877;9;;;
3521309;Interior;Ipuã;2774;69;;;
3521408;Interior;Iracemápolis;6647;111;;;
3521507;Interior;Irapuã;1354;31;;;
3521606;Interior;Irapuru;1681;42;;;
3521705;Interior;Itaberá;5416;78;;;
3521804;Interior;Itaí;6946;90;;;
3521903;Interior;Itajobi;5020;71;;;
3522000;Interior;Itaju;999;11;;;
3522109;Interior;Itanhaém;12662;404;;;
3522158;Interior;Itaoca;287;8;;;
3522208;RMSP (exceto capital);Itapecerica da Serra;12401;499;;;
3522307;Interior;Itapetininga;18242;607;;;
3522406;Interior;Itapeva;20651;473;;;
3522505;RMSP (exceto capital);Itapevi;13039;773;;;
3522604;Interior;Itapira;16431;369;;;
3522653;Interior;Itapirapuã Paulista;1252;7;;;
3522703;Interior;Itápolis;13539;183;;;
3522802;Interior;Itaporanga;3047;61;;;
3522901;Interior;Itapuí;2470;48;;;
3523008;Interior;Itapura;679;17;;;
3523107;RMSP (exceto capital);Itaquaquecetuba;27459;1159;;;
3523206;Interior;Itararé;10453;276;;;
3523305;Interior;Itariri;1865;51;;;
3523404;Interior;Itatiba;25529;383;;;
3523503;Interior;Itatinga;4540;68;;;
3523602;Interior;Itirapina;2690;45;;;
3523701;Interior;Itirapuã;325;8;;;
3523800;Interior;Itobi;1274;24;;;
3523909;Interior;Itu;35051;578;;;
3524006;Interior;Itupeva;8893;168;;;
3524105;Interior;Ituverava;3998;161;;;
3524204;Interior;Jaborandi;591;24;;;
3524303;Interior;Jaboticabal;8708;257;;;
3524402;Interior;Jacareí;30186;910;;;
3524501;Interior;Jaci;2679;33;;;
3524600;Interior;Jacupiranga;3051;65;;;
3524709;Interior;Jaguariúna;11100;192;;;
3524808;Interior;Jales;15130;304;;;
3524907;Interior;Jambeiro;508;18;;;
3525003;RMSP (exceto capital);Jandira;9757;357;;;
3525102;Interior;Jardinópolis;4852;167;;;
3525201;Interior;Jarinu;3471;91;;;
3525300;Interior;Jaú;21700;608;;;
3525409;Interior;Jeriquara;641;3;;;
3525508;Interior;Joanópolis;1502;17;;;
3525607;Interior;João Ramalho;1174;13;;;
3525706;Interior;José Bonifácio;9185;168;;;
3525805;Interior;Júlio Mesquita;355;16;;;
3525854;Interior;Jumirim;624;8;;;
3525904;Interior;Jundiaí;74109;1805;;;
3526001;Interior;Junqueirópolis;4805;104;;;
3526100;Interior;Juquiá;3056;68;;;
3526209;RMSP (exceto capital);Juquitiba;1825;87;;;
3526308;Interior;Lagoinha;244;16;;;
3526407;Interior;Laranjal Paulista;6368;143;;;
3526506;Interior;Lavínia;1548;19;;;
3526605;Interior;Lavrinhas;379;15;;;
3526704;Interior;Leme;21136;472;;;
3526803;Interior;Lençóis Paulista;23787;212;;;
3526902;Interior;Limeira;43647;1298;;;
3527009;Interior;Lindóia;2156;21;;;
3527108;Interior;Lins;12641;337;;;
3527207;Interior;Lorena;7546;279;;;
3527256;Interior;Lourdes;396;6;;;
3527306;Interior;Louveira;11745;126;;;
3527405;Interior;Lucélia;4297;81;;;
3527504;Interior;Lucianópolis;502;6;;;
3527603;Interior;Luís Antônio;3458;44;;;
3527702;Interior;Luiziânia;415;14;;;
3527801;Interior;Lupércio;274;8;;;
3527900;Interior;Lutécia;863;8;;;
3528007;Interior;Macatuba;5070;62;;;
3528106;Interior;Macaubal;1900;23;;;
3528205;Interior;Macedônia;1058;32;;;
3528304;Interior;Magda;762;10;;;
3528403;Interior;Mairinque;5280;87;;;
3528502;RMSP (exceto capital);Mairiporã;7542;279;;;
3528601;Interior;Manduri;993;31;;;
3528700;Interior;Marabá Paulista;745;6;;;
3528809;Interior;Maracaí;3419;56;;;
3528858;Interior;Marapoama;1075;15;;;
3528908;Interior;Mariápolis;1171;12;;;
3529005;Interior;Marília;40808;1134;;;
3529104;Interior;Marinópolis;670;7;;;
3529203;Interior;Martinópolis;2167;93;;;
3529302;Interior;Matão;7002;232;;;
3529401;RMSP (exceto capital);Mauá;36547;1666;;;
3529500;Interior;Mendonça;2023;33;;;
3529609;Interior;Meridiano;647;39;;;
3529658;Interior;Mesópolis;731;6;;;
3529708;Interior;Miguelópolis;1535;107;;;
3529807;Interior;Mineiros do Tietê;2379;35;;;
3529906;Interior;Miracatu;3475;83;;;
3530003;Interior;Mira Estrela;554;15;;;
3530102;Interior;Mirandópolis;2281;115;;;
3530201;Interior;Mirante do Paranapanema;2406;51;;;
3530300;Interior;Mirassol;10507;321;;;
3530409;Interior;Mirassolândia;776;21;;;
3530508;Interior;Mococa;13260;290;;;
3530607;RMSP (exceto capital);Mogi das Cruzes;45868;1879;;;
3530706;Interior;Mogi Guaçu;36475;694;;;
3530805;Interior;Mogi Mirim;24572;420;;;
3530904;Interior;Mombuca;468;11;;;
3531001;Interior;Monções;550;7;;;
3531100;Interior;Mongaguá;2808;110;;;
3531209;Interior;Monte Alegre do Sul;1655;22;;;
3531308;Interior;Monte Alto;11037;219;;;
3531407;Interior;Monte Aprazível;4736;121;;;
3531506;Interior;Monte Azul Paulista;2386;28;;;
3531605;Interior;Monte Castelo;1495;24;;;
3531704;Interior;Monteiro Lobato;320;12;;;
3531803;Interior;Monte Mor;8098;170;;;
3531902;Interior;Morro Agudo;5503;113;;;
3532009;Interior;Morungaba;1089;41;;;
3532058;Interior;Motuca;378;11;;;
3532108;Interior;Murutinga do Sul;1041;22;;;
3532157;Interior;Nantes;257;7;;;
3532207;Interior;Narandiba;1778;25;;;
3532306;Interior;Natividade da Serra;246;14;;;
3532405;Interior;Nazaré Paulista;2821;66;;;
3532504;Interior;Neves Paulista;2492;58;;;
3532603;Interior;Nhandeara;3064;56;;;
3532702;Interior;Nipoã;528;17;;;
3532801;Interior;Nova Aliança;1562;34;;;
3532827;Interior;Nova Campina;1168;46;;;
3532843;Interior;Nova Canaã Paulista;757;10;;;
3532868;Interior;Nova Castilho;314;4;;;
3532900;Interior;Nova Europa;858;30;;;
3533007;Interior;Nova Granada;5782;87;;;
3533106;Interior;Nova Guataporanga;170;4;;;
3533205;Interior;Nova Independência;1559;8;;;
3533254;Interior;Novais;314;17;;;
3533304;Interior;Nova Luzitânia;393;14;;;
3533403;Interior;Nova Odessa;10645;280;;;
3533502;Interior;Novo Horizonte;6261;241;;;
3533601;Interior;Nuporanga;421;14;;;
3533700;Interior;Ocauçu;953;9;;;
3533809;Interior;Óleo;161;6;;;
3533908;Interior;Olímpia;14497;306;;;
3534005;Interior;Onda Verde;953;28;;;
3534104;Interior;Oriente;437;28;;;
3534203;Interior;Orindiúva;2310;20;;;
3534302;Interior;Orlândia;7987;132;;;
3534401;RMSP (exceto capital);Osasco;48745;3106;;;
3534500;Interior;Oscar Bressane;727;9;;;
3534609;Interior;Osvaldo Cruz;9268;138;;;
3534708;Interior;Ourinhos;25058;585;;;
3534757;Interior;Ouroeste;2947;50;;;
3534807;Interior;Ouro Verde;1143;38;;;
3534906;Interior;Pacaembu;3792;53;;;
3535002;Interior;Palestina;2323;47;;;
3535101;Interior;Palmares Paulista;2267;47;;;
3535200;Interior;Palmeira d'Oeste;2357;35;;;
3535309;Interior;Palmital;4804;81;;;
3535408;Interior;Panorama;2298;81;;;
3535507;Interior;Paraguaçu Paulista;9733;172;;;
3535606;Interior;Paraibuna;1335;60;;;
3535705;Interior;Paraíso;1136;31;;;
3535804;Interior;Paranapanema;2161;90;;;
3535903;Interior;Paranapuã;1194;29;;;
3536000;Interior;Parapuã;1594;50;;;
3536109;Interior;Pardinho;1205;19;;;
3536208;Interior;Pariquera-Açu;3972;77;;;
3536257;Interior;Parisi;996;20;;;
3536307;Interior;Patrocínio Paulista;1143;39;;;
3536406;Interior;Paulicéia;1711;26;;;
3536505;Interior;Paulínia;23862;346;;;
3536570;Interior;Paulistânia;210;7;;;
3536604;Interior;Paulo de Faria;1245;42;;;
3536703;Interior;Pederneiras;8740;143;;;
3536802;Interior;Pedra Bela;284;12;;;
3536901;Interior;Pedranópolis;279;10;;;
3537008;Interior;Pedregulho;390;24;;;
3537107;Interior;Pedreira;6005;130;;;
3537156;Interior;Pedrinhas Paulista;729;12;;;
3537206;Interior;Pedro de Toledo;913;22;;;
3537305;Interior;Penápolis;18742;314;;;
3537404;Interior;Pereira Barreto;5195;119;;;
3537503;Interior;Pereiras;1204;23;;;
3537602;Interior;Peruíbe;10224;302;;;
3537701;Interior;Piacatu;1698;11;;;
3537800;Interior;Piedade;8897;193;;;
3537909;Interior;Pilar do Sul;6207;90;;;
3538006;Interior;Pindamonhangaba;32295;575;;;
3538105;Interior;Pindorama;3596;62;;;
3538204;Interior;Pinhalzinho;2255;30;;;
3538303;Interior;Piquerobi;252;9;;;
3538501;Interior;Piquete;413;36;;;
3538600;Interior;Piracaia;6008;91;;;
3538709;Interior;Piracicaba;98587;1632;;;
3538808;Interior;Piraju;6535;110;;;
3538907;Interior;Pirajuí;4568;71;;;
3539004;Interior;Pirangi;2981;70;;;
3539103;RMSP (exceto capital);Pirapora do Bom Jesus;1677;26;;;
3539202;Interior;Pirapozinho;3896;86;;;
3539301;Interior;Pirassununga;19158;309;;;
3539400;Interior;Piratininga;2234;51;;;
3539509;Interior;Pitangueiras;7655;188;;;
3539608;Interior;Planalto;667;12;;;
3539707;Interior;Platina;746;12;;;
3539806;RMSP (exceto capital);Poá;11160;440;;;
3539905;Interior;Poloni;1785;21;;;
3540002;Interior;Pompéia;1042;58;;;
3540101;Interior;Pongaí;397;12;;;
3540200;Interior;Pontal;8106;186;;;
3540259;Interior;Pontalinda;608;20;;;
3540309;Interior;Pontes Gestal;815;10;;;
3540408;Interior;Populina;1374;14;;;
3540507;Interior;Porangaba;1227;23;;;
3540606;Interior;Porto Feliz;13683;173;;;
3540705;Interior;Porto Ferreira;16258;218;;;
3540754;Interior;Potim;3490;41;;;
3540804;Interior;Potirendaba;5739;95;;;
3540853;Interior;Pracinha;449;6;;;
3540903;Interior;Pradópolis;2056;47;;;
3541000;Interior;Praia Grande;31127;1348;;;
3541059;Interior;Pratânia;1446;19;;;
3541109;Interior;Presidente Alves;615;10;;;
3541208;Interior;Presidente Bernardes;1406;50;;;
3541307;Interior;Presidente Epitácio;6584;145;;;
3541406;Interior;Presidente Prudente;42207;1055;;;
3541505;Interior;Presidente Venceslau;5527;135;;;
3541604;Interior;Promissão;9481;126;;;
3541653;Interior;Quadra;250;9;;;
3541703;Interior;Quatá;2926;32;;;
3541802;Interior;Queiroz;1058;3;;;
3541901;Interior;Queluz;1111;30;;;
3542008;Interior;Quintana;588;34;;;
3542107;Interior;Rafard;1166;16;;;
3542206;Interior;Rancharia;7004;113;;;
3542305;Interior;Redenção da Serra;122;6;;;
3542404;Interior;Regente Feijó;1822;80;;;
3542503;Interior;Reginópolis;780;24;;;
3542602;Interior;Registro;11473;258;;;
3542701;Interior;Restinga;732;10;;;
3542800;Interior;Ribeira;538;8;;;
3542909;Interior;Ribeirão Bonito;1817;33;;;
3543006;Interior;Ribeirão Branco;2647;72;;;
3543105;Interior;Ribeirão Corrente;343;4;;;
3543204;Interior;Ribeirão do Sul;717;27;;;
3543238;Interior;Ribeirão dos Índios;119;8;;;
3543253;Interior;Ribeirão Grande;534;30;;;
3543303;RMSP (exceto capital);Ribeirão Pires;12975;387;;;
3543402;Interior;Ribeirão Preto;104916;3429;;;
3543501;Interior;Riversul;930;32;;;
3543600;Interior;Rifaina;1020;12;;;
3543709;Interior;Rincão;1833;49;;;
3543808;Interior;Rinópolis;672;21;;;
3543907;Interior;Rio Claro;13789;691;;;
3544004;Interior;Rio das Pedras;3728;121;;;
3544103;RMSP (exceto capital);Rio Grande da Serra;2414;107;;;
3544202;Interior;Riolândia;2936;33;;;
3544251;Interior;Rosana;4470;53;;;
3544301;Interior;Roseira;1605;31;;;
3544400;Interior;Rubiácea;733;11;;;
3544509;Interior;Rubinéia;1256;19;;;
3544608;Interior;Sabino;304;30;;;
3544707;Interior;Sagres;266;4;;;
3544806;Interior;Sales;855;46;;;
3544905;Interior;Sales Oliveira;1856;33;;;
3545001;RMSP (exceto capital);Salesópolis;710;63;;;
3545100;Interior;Salmourão;474;25;;;
3545159;Interior;Saltinho;2572;25;;;
3545209;Interior;Salto;24429;529;;;
3545308;Interior;Salto de Pirapora;4458;188;;;
3545407;Interior;Salto Grande;2061;19;;;
3545506;Interior;Sandovalina;714;14;;;
3545605;Interior;Santa Adélia;2800;67;;;
3545704;Interior;Santa Albertina;2077;29;;;
3545803;Interior;Santa Bárbara d'Oeste;29445;898;;;
3546009;Interior;Santa Branca;2004;37;;;
3546108;Interior;Santa Clara d'Oeste;515;22;;;
3546207;Interior;Santa Cruz da Conceição;1942;17;;;
3546256;Interior;Santa Cruz da Esperança;202;7;;;
3546306;Interior;Santa Cruz das Palmeiras;5585;139;;;
3546405;Interior;Santa Cruz do Rio Pardo;8775;206;;;
3546504;Interior;Santa Ernestina;553;21;;;
3546603;Interior;Santa Fé do Sul;9087;165;;;
3546702;Interior;Santa Gertrudes;3939;87;;;
3546801;RMSP (exceto capital);Santa Isabel;7792;297;;;
3546900;Interior;Santa Lúcia;781;25;;;
3547007;Interior;Santa Maria da Serra;1341;12;;;
3547106;Interior;Santa Mercedes;817;11;;;
3547205;Interior;Santana da Ponte Pensa;518;6;;;
3547304;RMSP (exceto capital);Santana de Parnaíba;24697;438;;;
3547403;Interior;Santa Rita d'Oeste;439;15;;;
3547502;Interior;Santa Rita do Passa Quatro;1823;47;;;
3547601;Interior;Santa Rosa de Viterbo;2494;57;;;
3547650;Interior;Santa Salete;623;8;;;
3547700;Interior;Santo Anastácio;3692;72;;;
3547809;RMSP (exceto capital);Santo André;93936;3496;;;
3547908;Interior;Santo Antônio da Alegria;541;23;;;
3548005;Interior;Santo Antônio de Posse;4687;67;;;
3548054;Interior;Santo Antônio do Aracanguá;591;39;;;
3548104;Interior;Santo Antônio do Jardim;1311;25;;;
3548203;Interior;Santo Antônio do Pinhal;1515;10;;;
3548302;Interior;Santo Expedito;214;11;;;
3548401;Interior;Santópolis do Aguapeí;762;19;;;
3548500;Interior;Santos;81990;2613;;;
3548609;Interior;São Bento do Sapucaí;817;14;;;
3548708;RMSP (exceto capital);São Bernardo do Campo;77074;3783;;;
3548807;RMSP (exceto capital);São Caetano do Sul;33713;1145;;;
3548906;Interior;São Carlos;33955;626;;;
3549003;Interior;São Francisco;765;21;;;
3549102;Interior;São João da Boa Vista;22311;384;;;
3549201;Interior;São João das Duas Pontes;612;10;;;
3549250;Interior;São João de Iracema;867;10;;;
3549300;Interior;São João do Pau d'Alho;217;4;;;
3549409;Interior;São Joaquim da Barra;7426;178;;;
3549508;Interior;São José da Bela Vista;335;20;;;
3549607;Interior;São José do Barreiro;737;9;;;
3549706;Interior;São José do Rio Pardo;7081;178;;;
3549805;Interior;São José do Rio Preto;142503;3172;;;
3549904;Interior;São José dos Campos;126653;2305;;;
3549953;RMSP (exceto capital);São Lourenço da Serra;703;41;;;
3550001;Interior;São Luiz do Paraitinga;964;34;;;
3550100;Interior;São Manuel;6630;171;;;
3550209;Interior;São Miguel Arcanjo;4380;88;;;
3550308;Capital;São Paulo;1127975;44040;;;
3550407;Interior;São Pedro;9699;124;;;
3550506;Interior;São Pedro do Turvo;1014;15;;;
3550605;Interior;São Roque;7173;131;;;
3550704;Interior;São Sebastião;8768;198;;;
3550803;Interior;São Sebastião da Grama;2548;39;;;
3550902;Interior;São Simão;1681;38;;;
3551009;Interior;São Vicente;29056;1468;;;
3551108;Interior;Sarapuí;524;7;;;
3551207;Interior;Sarutaiá;149;22;;;
3551306;Interior;Sebastianópolis do Sul;313;10;;;
3551405;Interior;Serra Azul;1396;20;;;
3551504;Interior;Serrana;10294;144;;;
3551603;Interior;Serra Negra;6450;94;;;
3551702;Interior;Sertãozinho;20276;565;;;
3551801;Interior;Sete Barras;2839;47;;;
3551900;Interior;Severínia;2583;82;;;
3552007;Interior;Silveiras;561;11;;;
3552106;Interior;Socorro;5990;109;;;
3552205;Interior;Sorocaba;105279;3197;;;
3552304;Interior;Sud Mennucci;958;18;;;
3552403;Interior;Sumaré;38470;985;;;
3552502;RMSP (exceto capital);Suzano;29305;1035;;;
3552551;Interior;Suzanápolis;400;12;;;
3552601;Interior;Tabapuã;3215;68;;;
3552700;Interior;Tabatinga;3051;60;;;
3552809;RMSP (exceto capital);Taboão da Serra;19827;1042;;;
3552908;Interior;Taciba;856;27;;;
3553005;Interior;Taguaí;3483;46;;;
3553104;Interior;Taiaçu;1251;15;;;
3553203;Interior;Taiúva;1089;18;;;
3553302;Interior;Tambaú;5059;61;;;
3553401;Interior;Tanabi;6832;132;;;
3553500;Interior;Tapiraí;868;11;;;
3553609;Interior;Tapiratiba;3097;42;;;
3553658;Interior;Taquaral;398;12;;;
3553708;Interior;Taquaritinga;14309;248;;;
3553807;Interior;Taquarituba;6559;117;;;
3553856;Interior;Taquarivaí;1009;21;;;
3553906;Interior;Tarabai;955;35;;;
3553955;Interior;Tarumã;1806;58;;;
3554003;Interior;Tatuí;20880;524;;;
3554102;Interior;Taubaté;35846;1146;;;
3554201;Interior;Tejupá;284;12;;;
3554300;Interior;Teodoro Sampaio;3616;61;;;
3554409;Interior;Terra Roxa;1376;38;;;
3554508;Interior;Tietê;7946;131;;;
3554607;Interior;Timburi;730;12;;;
3554656;Interior;Torre de Pedra;232;13;;;
3554706;Interior;Torrinha;3826;25;;;
3554755;Interior;Trabiju;459;5;;;
3554805;Interior;Tremembé;2889;69;;;
3554904;Interior;Três Fronteiras;1777;39;;;
3554953;Interior;Tuiuti;1221;20;;;
3555000;Interior;Tupã;8105;329;;;
3555109;Interior;Tupi Paulista;3958;55;;;
3555208;Interior;Turiúba;543;4;;;
3555307;Interior;Turmalina;538;7;;;
3555356;Interior;Ubarana;1581;24;;;
3555406;Interior;Ubatuba;11216;155;;;
3555505;Interior;Ubirajara;578;14;;;
3555604;Interior;Uchoa;1885;39;;;
3555703;Interior;União Paulista;319;7;;;
3555802;Interior;Urânia;3063;50;;;
3555901;Interior;Uru;394;5;;;
3556008;Interior;Urupês;930;53;;;
3556107;Interior;Valentim Gentil;4524;76;;;
3556206;Interior;Valinhos;22372;529;;;
3556305;Interior;Valparaíso;4977;89;;;
3556354;Interior;Vargem;605;23;;;
3556404;Interior;Vargem Grande do Sul;5600;116;;;
3556453;RMSP (exceto capital);Vargem Grande Paulista;6645;136;;;
3556503;Interior;Várzea Paulista;13764;311;;;
3556602;Interior;Vera Cruz;706;46;;;
3556701;Interior;Vinhedo;18221;251;;;
3556800;Interior;Viradouro;3104;105;;;
3556909;Interior;Vista Alegre do Alto;1913;23;;;
3556958;Interior;Vitória Brasil;770;10;;;
3557006;Interior;Votorantim;12545;572;;;
3557105;Interior;Votuporanga;22769;508;;;
3557154;Interior;Zacarias;280;12;;;
3557204;Interior;Chavantes;2697;61;;;
3557303;Interior;Estiva Gerbi;1195;36;;;
;;Ignorado;218;0;;;
;;;;;;;
